Date,Name,Year,Letterboxd URI,Rating
3/22/19,Source Code,2019,https://boxd.it/fdo,3
8/16/20,Joker,2019,https://boxd.it/h4cS,3.5
8/16/20,Marriage Story,2019,https://boxd.it/hJAw,4.5
8/16/20,Paterson,2016,https://boxd.it/cRk2,3.5
8/16/20,Manchester by the Sea,2016,https://boxd.it/b2L0,4
8/16/20,Inside Out,2015,https://boxd.it/4KHC,3.5
8/16/20,The Wild Pear Tree,2018,https://boxd.it/eMtM,4
8/16/20,I Origins,2014,https://boxd.it/7aRM,3.5
8/16/20,Her,2013,https://boxd.it/4O24,4
8/16/20,Django Unchained,2012,https://boxd.it/2cCk,4.5
8/16/20,My Grandfather's People,2011,https://boxd.it/2Rig,3.5
8/16/20,Black Swan,2010,https://boxd.it/Sw0,4.5
8/16/20,3 Idiots,2009,https://boxd.it/1Dsa,4
8/16/20,Up,2009,https://boxd.it/1OEc,4.5
8/16/20,The Curious Case of Benjamin Button,2008,https://boxd.it/23Fk,4
8/16/20,Slumdog Millionaire,2008,https://boxd.it/1S3E,4
8/16/20,For Love and Honor,2007,https://boxd.it/1qAA,3.5
8/16/20,My Father and My Son,2005,https://boxd.it/1QgQ,3.5
8/16/20,The Notebook,2004,https://boxd.it/1UNE,4
8/16/20,The Terminal,2004,https://boxd.it/2a2O,4
8/16/20,Eternal Sunshine of the Spotless Mind,2004,https://boxd.it/6YK,4.5
8/16/20,The Pianist,2002,https://boxd.it/2aqc,4
8/16/20,The Lord of the Rings: The Two Towers,2002,https://boxd.it/2b5E,4
8/16/20,The Double Life of Véronique,1991,https://boxd.it/28va,4.5
8/16/20,One Flew Over the Cuckoo's Nest,1975,https://boxd.it/2aeA,4.5
8/16/20,Before Sunrise,1995,https://boxd.it/2bcU,4
8/16/20,Toy Story,1995,https://boxd.it/29qA,4
8/16/20,The Piano Teacher,2001,https://boxd.it/2886,3.5
8/16/20,Ice Age,2002,https://boxd.it/2apS,4
8/16/20,Before Sunset,2004,https://boxd.it/2bcg,4
8/16/20,12 Angry Men,1957,https://boxd.it/2auI,4
8/16/20,The Hunt,2012,https://boxd.it/3wEC,4.5
8/16/20,Amour,2012,https://boxd.it/34Q6,4
8/16/20,A Hidden Life,2019,https://boxd.it/eb1Q,4
8/16/20,Biutiful,2010,https://boxd.it/OiI,4
8/16/20,Babel,2006,https://boxd.it/292o,4
8/16/20,Gone with the Wind,1939,https://boxd.it/29Fq,3.5
8/16/20,Titanic,1997,https://boxd.it/2a2k,4
8/16/20,Before Midnight,2013,https://boxd.it/4ive,4
8/16/20,10 Things I Hate About You,1999,https://boxd.it/23AO,3
8/16/20,Captain Fantastic,2016,https://boxd.it/b2K2,4
8/16/20,Garden State,2004,https://boxd.it/2asW,4
8/16/20,My King,2015,https://boxd.it/aNq2,4
8/16/20,Café de Flore,2011,https://boxd.it/302Q,4
8/16/20,303,2018,https://boxd.it/hNBe,3.5
8/16/20,The Apartment,1996,https://boxd.it/1RMe,3
8/16/20,Dirty Dancing,1987,https://boxd.it/2baY,3.5
8/16/20,Love Actually,2003,https://boxd.it/2aeU,3.5
8/16/20,The Unbearable Lightness of Being,1988,https://boxd.it/1VKc,3.5
8/16/20,Comidark Films: In Between,2019,https://boxd.it/nL1q,3
8/16/20,Caché,2005,https://boxd.it/2amY,3
8/16/20,Magnolia,1999,https://boxd.it/2aze,4
8/16/20,Dogville,2003,https://boxd.it/2a8W,4
8/16/20,Big Fish,2003,https://boxd.it/2a3M,3
8/16/20,Mirage,2018,https://boxd.it/jeOm,3
8/16/20,Revolutionary Road,2008,https://boxd.it/24Le,4
8/16/20,Time of the Gypsies,1988,https://boxd.it/1E1Y,3.5
8/16/20,The Big Lebowski,1998,https://boxd.it/2b6C,3.5
8/16/20,Good Will Hunting,1997,https://boxd.it/2ahY,4.5
8/16/20,Atonement,2007,https://boxd.it/24ui,4.5
8/16/20,Interstellar,2014,https://boxd.it/4VZ8,3.5
8/16/20,Parasite,2019,https://boxd.it/hTha,4
8/16/20,La La Land,2016,https://boxd.it/a5fa,4
8/16/20,Whiplash,2014,https://boxd.it/7bQA,4.5
8/16/20,Arrival,2016,https://boxd.it/aNGk,4
8/16/20,Dunkirk,2017,https://boxd.it/d0Y6,4
8/16/20,Drive,2011,https://boxd.it/IG,4
8/16/20,Birdman or (The Unexpected Virtue of Ignorance),2014,https://boxd.it/5RFA,4
8/16/20,Logan,2017,https://boxd.it/7Piy,4
8/16/20,The Martian,2015,https://boxd.it/8SeG,4
8/16/20,Bohemian Rhapsody,2018,https://boxd.it/f1TK,3.5
8/16/20,The Revenant,2015,https://boxd.it/8H5e,3.5
8/16/20,Shutter Island,2010,https://boxd.it/1U82,4.5
8/16/20,The Hateful Eight,2015,https://boxd.it/8gw8,3.5
8/16/20,Incredibles 2,2018,https://boxd.it/7IPg,4
8/16/20,Ant-Man,2015,https://boxd.it/3vmW,3.5
8/16/20,Gravity,2013,https://boxd.it/GZY,3.5
8/16/20,Room,2015,https://boxd.it/7T0y,4
8/16/20,Snowpiercer,2013,https://boxd.it/3Icg,4
8/16/20,Toy Story 4,2019,https://boxd.it/9ALu,4
8/16/20,Zootopia,2016,https://boxd.it/84xS,3.5
8/16/20,The Perks of Being a Wallflower,2012,https://boxd.it/2ZA8,4
8/16/20,Kingsman: The Secret Service,2014,https://boxd.it/6dxe,3.5
8/16/20,Toy Story 3,2010,https://boxd.it/1WRe,4
8/16/20,Captain America: The First Avenger,2011,https://boxd.it/28b0,3.5
8/16/20,The Imitation Game,2014,https://boxd.it/6aig,3.5
8/16/20,Ad Astra,2019,https://boxd.it/ePzI,4
8/16/20,Harry Potter and the Deathly Hallows: Part 2,2011,https://boxd.it/1RYk,4
8/16/20,12 Years a Slave,2013,https://boxd.it/2D2e,4
8/16/20,Spotlight,2015,https://boxd.it/a84k,4.5
8/16/20,Sicario,2015,https://boxd.it/8i7u,4
8/16/20,Fantastic Beasts and Where to Find Them,2016,https://boxd.it/7FPC,3
8/16/20,Silver Linings Playbook,2012,https://boxd.it/2TTo,4
8/16/20,Green Book,2018,https://boxd.it/hErk,4.5
8/16/20,The Big Short,2015,https://boxd.it/ajZw,4
8/16/20,Frozen,2013,https://boxd.it/3GNa,3
8/16/20,Harry Potter and the Deathly Hallows: Part 1,2010,https://boxd.it/1RYu,4
8/16/20,Ford v Ferrari,2019,https://boxd.it/ce74,4.5
8/16/20,Big Hero 6,2014,https://boxd.it/5rje,3.5
8/16/20,John Wick: Chapter 3 – Parabellum,2019,https://boxd.it/gmFw,2.5
8/16/20,The Hunger Games,2012,https://boxd.it/2uds,4.5
8/16/20,Iron Man 3,2013,https://boxd.it/2cBQ,3.5
8/16/20,Boyhood,2014,https://boxd.it/3178,4
8/16/20,Prisoners,2013,https://boxd.it/4E5i,4.5
8/16/20,The Hunger Games: Catching Fire,2013,https://boxd.it/3sAw,4.5
8/16/20,The Hobbit: An Unexpected Journey,2012,https://boxd.it/GZk,4
8/16/20,Tangled,2010,https://boxd.it/15gO,3.5
8/16/20,Midnight in Paris,2011,https://boxd.it/i4a,4.5
8/16/20,Man of Steel,2013,https://boxd.it/FRk,3.5
8/16/20,The Tree of Life,2011,https://boxd.it/1Zu8,4
8/16/20,Hacksaw Ridge,2016,https://boxd.it/azew,4.5
8/16/20,Brave,2012,https://boxd.it/bVG,3.5
8/16/20,X-Men: First Class,2011,https://boxd.it/FOA,3.5
8/16/20,The Theory of Everything,2014,https://boxd.it/7YtA,3.5
8/16/20,The Edge of Seventeen,2016,https://boxd.it/d5nu,3.5
8/16/20,About Time,2013,https://boxd.it/43bI,4.5
8/16/20,The Hobbit: The Battle of the Five Armies,2014,https://boxd.it/43aU,3.5
8/16/20,The Lion King,2019,https://boxd.it/eSjI,4
8/16/20,The Hobbit: The Desolation of Smaug,2013,https://boxd.it/nmS,3
8/16/20,The King's Speech,2010,https://boxd.it/dX0,4
8/16/20,Now You See Me,2013,https://boxd.it/2Bsu,3.5
8/16/20,X-Men: Apocalypse,2016,https://boxd.it/7eJi,3
8/16/20,The Hunger Games: Mockingjay – Part 1,2014,https://boxd.it/4hka,4
8/16/20,Lion,2016,https://boxd.it/b2La,4.5
8/16/20,The Hunger Games: Mockingjay – Part 2,2015,https://boxd.it/4hk0,4
8/16/20,Hugo,2011,https://boxd.it/R08,3.5
8/16/20,Lucy,2014,https://boxd.it/75hu,3
8/16/20,Me and Earl and the Dying Girl,2015,https://boxd.it/9SAE,4.5
8/16/20,Rise of the Planet of the Apes,2011,https://boxd.it/cS4,3.5
8/16/20,Steve Jobs,2015,https://boxd.it/araG,3.5
8/16/20,Wind River,2017,https://boxd.it/dR3i,3.5
8/16/20,The Help,2011,https://boxd.it/EDm,4.5
8/16/20,Passengers,2016,https://boxd.it/8lFu,4
8/16/20,127 Hours,2010,https://boxd.it/SLa,4.5
8/16/20,The Intouchables,2011,https://boxd.it/2FT0,4
8/16/20,The Fault in Our Stars,2014,https://boxd.it/6BQa,4
8/16/20,Mission: Impossible – Ghost Protocol,2011,https://boxd.it/psI,3.5
8/16/20,The Wolverine,2013,https://boxd.it/2CWU,4
8/16/20,The Secret Life of Walter Mitty,2013,https://boxd.it/3SWy,4.5
8/16/20,The Maze Runner,2014,https://boxd.it/5YPM,3.5
8/16/20,Lincoln,2012,https://boxd.it/2n2s,4
8/16/20,Pirates of the Caribbean: Dead Men Tell No Tales,2017,https://boxd.it/5a9m,4
8/16/20,50/50,2011,https://boxd.it/10Tw,4
8/16/20,Sherlock Holmes: A Game of Shadows,2011,https://boxd.it/k3S,4
8/16/20,The Spectacular Now,2013,https://boxd.it/4VSG,3.5
8/16/20,Pirates of the Caribbean: On Stranger Tides,2011,https://boxd.it/27Z4,3.5
8/16/20,The Danish Girl,2015,https://boxd.it/9Ohy,3.5
8/16/20,Now You See Me 2,2016,https://boxd.it/99fw,3.5
8/16/20,Despicable Me 2,2013,https://boxd.it/3gg0,4
8/16/20,Limitless,2011,https://boxd.it/Aly,4.5
8/16/20,Me Before You,2016,https://boxd.it/9n98,4
8/16/20,Oblivion,2013,https://boxd.it/2Bzq,3.5
8/16/20,The Hangover Part II,2011,https://boxd.it/PZI,3
8/16/20,Christopher Robin,2018,https://boxd.it/eSj4,3
8/16/20,Cars 2,2011,https://boxd.it/H4Y,3
8/16/20,Kung Fu Panda 2,2011,https://boxd.it/G36,3.5
8/16/20,Battle of the Sexes,2017,https://boxd.it/cNxw,3.5
8/16/20,The Intern,2015,https://boxd.it/7AOE,3.5
8/16/20,Shrek Forever After,2010,https://boxd.it/1WRo,4
8/16/20,Chappie,2015,https://boxd.it/5Y3e,3
8/16/20,Predestination,2014,https://boxd.it/6bJM,3
8/16/20,Transformers: Dark of the Moon,2011,https://boxd.it/16aC,3.5
8/16/20,Percy Jackson & the Olympians: The Lightning Thief,2010,https://boxd.it/1gJi,3.5
8/16/20,Cars 3,2017,https://boxd.it/7IPq,3
8/17/20,Fantastic Four,2015,https://boxd.it/5a9c,3
8/17/20,Gifted,2017,https://boxd.it/e5dG,3.5
8/17/20,The Equalizer,2014,https://boxd.it/4TUK,3
8/17/20,Paper Towns,2015,https://boxd.it/8T5g,3
8/17/20,Snowden,2016,https://boxd.it/9CWO,3.5
8/17/20,The Grey,2011,https://boxd.it/2xZE,4.5
8/17/20,Everest,2015,https://boxd.it/7r7Q,3.5
8/17/20,Annabelle,2014,https://boxd.it/7l84,2.5
8/17/20,War Horse,2011,https://boxd.it/nf8,4
8/17/20,Independence Day: Resurgence,2016,https://boxd.it/JwK,4
8/17/20,One Day,2011,https://boxd.it/Asu,4
8/17/20,Ice Age: Continental Drift,2012,https://boxd.it/lQ2,3.5
8/17/20,Robin Hood,2010,https://boxd.it/1D6o,4
8/17/20,Extremely Loud & Incredibly Close,2011,https://boxd.it/Ju,4.5
8/17/20,Suffragette,2015,https://boxd.it/7cxY,4
8/17/20,Collateral Beauty,2016,https://boxd.it/bAIu,4
8/17/20,The Light Between Oceans,2016,https://boxd.it/8Lf8,3.5
8/17/20,Remember Me,2010,https://boxd.it/1zyI,4
8/17/20,Dear John,2010,https://boxd.it/1zO2,3.5
8/17/20,No Country for Old Men,2007,https://boxd.it/21ew,4.5
8/17/20,Iron Man,2008,https://boxd.it/28dA,4
8/17/20,WALL·E,2008,https://boxd.it/1VEo,4
8/17/20,Memento,2000,https://boxd.it/2bcK,4
8/17/20,The Lord of the Rings: The Return of the King,2003,https://boxd.it/2b5u,4
8/17/20,Ratatouille,2007,https://boxd.it/27ww,4
8/17/20,Finding Nemo,2003,https://boxd.it/72i,4
8/17/20,Harry Potter and the Prisoner of Azkaban,2004,https://boxd.it/29Qy,4
8/17/20,The Prestige,2006,https://boxd.it/293w,4.5
8/17/20,Avatar,2009,https://boxd.it/1Efm,3.5
8/17/20,"Monsters, Inc.",2001,https://boxd.it/2a46,4
8/17/20,Harry Potter and the Philosopher's Stone,2001,https://boxd.it/29QS,3.5
8/17/20,The Incredibles,2004,https://boxd.it/1XLm,3.5
8/17/20,Little Miss Sunshine,2006,https://boxd.it/29EW,4.5
8/17/20,Harry Potter and the Chamber of Secrets,2002,https://boxd.it/29QI,3.5
8/17/20,Harry Potter and the Goblet of Fire,2005,https://boxd.it/29Qo,3.5
8/17/20,(500) Days of Summer,2009,https://boxd.it/1EmM,4
8/17/20,Spider-Man,2002,https://boxd.it/2a8i,3.5
8/17/20,Harry Potter and the Order of the Phoenix,2007,https://boxd.it/29Qe,3.5
8/17/20,Shrek,2001,https://boxd.it/29zi,3.5
8/17/20,Spider-Man 2,2004,https://boxd.it/2a88,3.5
8/17/20,Harry Potter and the Half-Blood Prince,2009,https://boxd.it/29FU,4.5
8/17/20,V for Vendetta,2005,https://boxd.it/29Ik,4.5
8/17/20,Pirates of the Caribbean: The Curse of the Black Pearl,2003,https://boxd.it/70G,3.5
8/17/20,Juno,2007,https://boxd.it/210a,3.5
8/17/20,Gladiator,2000,https://boxd.it/2b9m,4.5
8/17/20,The Hangover,2009,https://boxd.it/1GjK,3
8/17/20,Shrek 2,2004,https://boxd.it/29z8,3.5
8/17/20,I Am Legend,2007,https://boxd.it/21DG,4
8/17/20,A Beautiful Mind,2001,https://boxd.it/2amk,4
8/17/20,The Incredible Hulk,2008,https://boxd.it/28dU,3
8/17/20,Cars,2006,https://boxd.it/29ho,4.5
8/17/20,Pirates of the Caribbean: Dead Man's Chest,2006,https://boxd.it/2bfk,3.5
8/17/20,Cast Away,2000,https://boxd.it/20i8,3.5
8/17/20,Kung Fu Panda,2008,https://boxd.it/1Yws,4
8/17/20,Pride & Prejudice,2005,https://boxd.it/24u8,4
8/17/20,Gran Torino,2008,https://boxd.it/1Qzy,4
8/17/20,Madagascar,2005,https://boxd.it/29dc,4
8/17/20,Pirates of the Caribbean: At World's End,2007,https://boxd.it/2aGu,3.5
8/17/20,Collateral,2004,https://boxd.it/28F0,4
8/17/20,The Bourne Ultimatum,2007,https://boxd.it/26Eu,3.5
8/17/20,The Pursuit of Happyness,2006,https://boxd.it/28PE,5
8/17/20,"I, Robot",2004,https://boxd.it/27y8,3.5
8/17/20,2012,2009,https://boxd.it/1OE2,2.5
8/17/20,The Blind Side,2009,https://boxd.it/1zWg,4
8/17/20,Mr. Nobody,2009,https://boxd.it/1k44,4.5
8/17/20,The Fountain,2006,https://boxd.it/28RU,4
8/17/20,Up in the Air,2009,https://boxd.it/1zPY,3
8/17/20,Lemony Snicket's A Series of Unfortunate Events,2004,https://boxd.it/1T7s,3.5
8/17/20,Bolt,2008,https://boxd.it/1QXg,3.5
8/17/20,Yes Man,2008,https://boxd.it/1WPW,4
8/17/20,The Last Samurai,2003,https://boxd.it/29ZA,4.5
8/17/20,Ice Age: The Meltdown,2006,https://boxd.it/2wRk,4
8/17/20,Vanilla Sky,2001,https://boxd.it/27TK,4
8/17/20,Hitch,2005,https://boxd.it/205o,4
8/17/20,Black Hawk Down,2001,https://boxd.it/29rI,4
8/17/20,17 Again,2009,https://boxd.it/1Jnq,2.5
8/17/20,Jojo Rabbit,2019,https://boxd.it/iEBG,4.5
8/17/20,The Thin Red Line,1998,https://boxd.it/1ZTM,4.5
8/17/20,To the Wonder,2012,https://boxd.it/gpU,4
8/17/20,The Dark Knight Rises,2012,https://boxd.it/H3m,4.5
8/17/20,Batman Begins,2005,https://boxd.it/2aIg,5
8/17/20,The Dark Knight,2008,https://boxd.it/2b0k,5
8/17/20,Nightcrawler,2014,https://boxd.it/780m,4.5
8/17/20,Seven Pounds,2008,https://boxd.it/1U8w,4.5
8/17/20,Tangerines,2013,https://boxd.it/71vM,4
8/17/20,City of Angels,1998,https://boxd.it/29Bo,4
8/17/20,The Sea Inside,2004,https://boxd.it/27S8,4
8/17/20,Rain Man,1988,https://boxd.it/2avw,3.5
8/17/20,Life Is Beautiful,1997,https://boxd.it/29Wm,4.5
8/17/20,Alvin and the Chipmunks: The Road Chip,2015,https://boxd.it/7DWQ,3
8/17/20,The Breakfast Club,1985,https://boxd.it/27q4,3.5
8/17/20,A Clockwork Orange,1971,https://boxd.it/2aVE,3.5
8/17/20,Hotel Rwanda,2004,https://boxd.it/2aSA,3.5
8/17/20,Alvin and the Chipmunks: The Squeakquel,2009,https://boxd.it/1zgk,3
8/17/20,Toy Story 2,1999,https://boxd.it/29qq,3.5
8/17/20,Charlie and the Chocolate Factory,2005,https://boxd.it/2b68,3
8/17/20,Cloudy with a Chance of Meatballs,2009,https://boxd.it/1A40,3
8/17/20,The Green Mile,1999,https://boxd.it/2agG,4
8/17/20,Like Stars on Earth,2007,https://boxd.it/20SA,4
8/17/20,Finding Dory,2016,https://boxd.it/4aAA,3
8/17/20,A Bug's Life,1998,https://boxd.it/1Yyy,3.5
8/17/20,Rocky,1976,https://boxd.it/28Uk,3.5
8/17/20,Creed,2015,https://boxd.it/a2qk,3
8/17/20,Creed II,2018,https://boxd.it/hgl8,3
8/17/20,Rocky II,1979,https://boxd.it/28Ua,3.5
8/17/20,Rocky Balboa,2006,https://boxd.it/291q,3.5
8/17/20,3:10 to Yuma,2007,https://boxd.it/23g0,4
8/17/20,The Matrix,1999,https://boxd.it/2a1m,4
8/17/20,Fight Club,1999,https://boxd.it/2a9q,4
8/17/20,Se7en,1995,https://boxd.it/29zs,4.5
8/17/20,Forrest Gump,1994,https://boxd.it/728,4.5
8/17/20,The Truman Show,1998,https://boxd.it/18U8,4.5
8/17/20,The Shawshank Redemption,1994,https://boxd.it/2aHi,4.5
8/17/20,The Lion King,1994,https://boxd.it/201Q,4
8/17/20,Saving Private Ryan,1998,https://boxd.it/29ro,4
8/17/20,Léon: The Professional,1994,https://boxd.it/2b8S,4
8/17/20,American History X,1998,https://boxd.it/2bdo,4
8/17/20,Braveheart,1995,https://boxd.it/2aTI,4.5
8/17/20,Ace Ventura: Pet Detective,1994,https://boxd.it/25RW,2.5
8/17/20,Malcolm X,1992,https://boxd.it/27WE,3
8/17/20,Die Hard 2,1990,https://boxd.it/28zw,3
8/17/20,Antz,1998,https://boxd.it/1ZB4,3.5
8/17/20,October Sky,1999,https://boxd.it/1Q7u,4
8/17/20,Rocky V,1990,https://boxd.it/28SS,4
8/17/20,Patch Adams,1998,https://boxd.it/1Wzk,4.5
8/17/20,How to Train Your Dragon,2010,https://boxd.it/1WRy,3
8/17/20,Mulan,1998,https://boxd.it/1VFw,3.5
8/17/20,Happy Feet,2006,https://boxd.it/1XH0,3.5
8/17/20,Bee Movie,2007,https://boxd.it/22Vw,3.5
8/17/20,Chicken Little,2005,https://boxd.it/1Xnu,3.5
8/17/20,Alvin and the Chipmunks,2007,https://boxd.it/21E0,2.5
8/17/20,Garfield,2004,https://boxd.it/1ZAA,2.5
8/17/20,The Tale of Despereaux,2008,https://boxd.it/1WQg,3
8/17/20,Dead Poets Society,1989,https://boxd.it/2aSg,4.5
8/17/20,Click,2006,https://boxd.it/1YVM,3
8/17/20,50 First Dates,2004,https://boxd.it/285c,4
8/17/20,Joy,2015,https://boxd.it/8kEU,3.5
8/17/20,Don Jon,2013,https://boxd.it/4sdk,3.5
8/17/20,"Love, Rosie",2014,https://boxd.it/62hE,4
8/17/20,"Me, Myself & Irene",2000,https://boxd.it/27nY,3
8/17/20,Mr. Popper's Penguins,2011,https://boxd.it/kRS,3.5
8/17/20,Night at the Museum,2006,https://boxd.it/28wi,2.5
8/17/20,Just Go with It,2011,https://boxd.it/Doq,2.5
8/17/20,Are We Ok?,2013,https://boxd.it/7wSW,3
8/17/20,Miracle in Cell No. 7,2019,https://boxd.it/nFrM,3.5
8/17/20,Whisper If I Forget,2014,https://boxd.it/9y5c,4
8/17/20,The Lord of the Rings: The Fellowship of the Ring,2001,https://boxd.it/2b5O,4
8/17/20,Stuart Little,1999,https://boxd.it/1WZW,3.5
8/17/20,Dangal,2016,https://boxd.it/chfU,3.5
8/17/20,Ghajini,2008,https://boxd.it/1OP0,3.5
8/17/20,PK,2014,https://boxd.it/9q1G,3.5
8/17/20,Love Likes Coincidences,2011,https://boxd.it/nVe,3.5
8/17/20,Zathura: A Space Adventure,2005,https://boxd.it/21mq,4
8/17/20,The Illusionist,2006,https://boxd.it/28H6,4
8/17/20,Master and Commander: The Far Side of the World,2003,https://boxd.it/200S,4.5
8/17/20,An Education,2009,https://boxd.it/1xcg,3.5
8/17/20,Man on Fire,2004,https://boxd.it/1Yvk,4
8/17/20,21,2008,https://boxd.it/20BO,4
8/17/20,The Bucket List,2007,https://boxd.it/20Ye,4
8/17/20,Hachi: A Dog's Tale,2009,https://boxd.it/1q4a,3.5
8/17/20,Déjà Vu,2006,https://boxd.it/20PQ,3
8/17/20,Chocolat,2000,https://boxd.it/2aue,3
8/17/20,The Transporter,2002,https://boxd.it/24Nu,2.5
8/17/20,Journey to the Center of the Earth,2008,https://boxd.it/38EI,3
8/17/20,P.S. I Love You,2007,https://boxd.it/229C,4
8/17/20,Freedom Writers,2007,https://boxd.it/28p2,3
8/17/20,RV,2006,https://boxd.it/1YrW,2.5
8/17/20,Exam,2009,https://boxd.it/1mn8,3
8/17/20,Little Man,2006,https://boxd.it/1ZeE,1.5
8/17/20,E.T. the Extra-Terrestrial,1982,https://boxd.it/2a1G,3.5
8/17/20,Elizabethtown,2005,https://boxd.it/1Ydq,2.5
8/17/20,Peaceful Warrior,2006,https://boxd.it/1PCw,3.5
8/17/20,Little Boy,2015,https://boxd.it/7AcA,4
8/17/20,One Love,2018,https://boxd.it/kPuK,4
8/17/20,The Butterfly's Dream,2013,https://boxd.it/5haQ,4
8/17/20,The Vow,2012,https://boxd.it/2o4Y,3.5
8/17/20,Jack and Jill,2011,https://boxd.it/2pQu,2
8/17/20,Kingdom of Heaven,2005,https://boxd.it/28Gs,4
8/17/20,Sully,2016,https://boxd.it/cD8Q,3.5
8/17/20,Exodus: Gods and Kings,2014,https://boxd.it/4FV0,3.5
8/18/20,Cosmos,2014,https://boxd.it/J34E,4.5
3/11/21,Cold War,2018,https://boxd.it/fEoc,1
3/11/21,Kate & Leopold,2001,https://boxd.it/1Uj0,3.5
3/11/21,Schindler's List,1993,https://boxd.it/2aq2,4.5
3/11/21,Nomadland,2020,https://boxd.it/lnRy,2
3/11/21,I Care a Lot,2020,https://boxd.it/mcHk,0.5
3/11/21,A Few Good Men,1992,https://boxd.it/29nw,4
3/11/21,Eternity and a Day,1998,https://boxd.it/1wSq,4
3/11/21,"Don't Worry, I'm Fine",2006,https://boxd.it/2908,4
3/11/21,Soul,2020,https://boxd.it/ioLA,4.5
3/11/21,Ayla: The Daughter of War,2017,https://boxd.it/gWyw,4
3/11/21,Gone Girl,2014,https://boxd.it/6hQu,2.5
3/11/21,Monsters University,2013,https://boxd.it/bQm,4
3/11/21,Star Wars: The Force Awakens,2015,https://boxd.it/4vru,3
3/11/21,Blood Diamond,2006,https://boxd.it/28Tm,4
3/11/21,Catch Me If You Can,2002,https://boxd.it/29VS,4
3/11/21,The Sixth Sense,1999,https://boxd.it/29Js,3
3/11/21,Home Alone,1990,https://boxd.it/29Fg,4
3/11/21,Night on Earth,1991,https://boxd.it/2ayq,3.5
3/16/21,The Devil All the Time,2020,https://boxd.it/i2tY,4
3/21/21,The Machinist,2004,https://boxd.it/248c,4
3/21/21,Colony,2015,https://boxd.it/gOcW,3.5
3/21/21,Vicky Cristina Barcelona,2008,https://boxd.it/23rW,3
3/21/21,21 Grams,2003,https://boxd.it/2ajK,4
3/21/21,Being John Malkovich,1999,https://boxd.it/2ahu,3
3/21/21,It's Only the End of the World,2016,https://boxd.it/be0K,3
3/21/21,A Short Film About Love,1988,https://boxd.it/1jXC,3.5
3/24/21,Palm Springs,2020,https://boxd.it/lCXQ,3.5
4/12/21,While We're Young,2014,https://boxd.it/7oOs,3.5
4/12/21,Time to Love,1965,https://boxd.it/46cu,2.5
4/24/21,Like Crazy,2011,https://boxd.it/g4s,3.5
4/25/21,Pieces of a Woman,2020,https://boxd.it/nOrQ,3.5
4/26/21,Closer,2004,https://boxd.it/270K,3.5
4/26/21,The Art of Racing in the Rain,2019,https://boxd.it/iYWk,4
5/2/21,On Body and Soul,2017,https://boxd.it/fu7A,3.5
5/2/21,Sound of Metal,2019,https://boxd.it/i7Q4,3.5
5/4/21,Amélie,2001,https://boxd.it/2aUc,5
5/9/21,Lady Bird,2017,https://boxd.it/dGNE,3.5
5/9/21,Minari,2020,https://boxd.it/mL9M,4.5
5/11/21,As Good as It Gets,1997,https://boxd.it/268y,4
5/26/21,Love in the Afternoon,1957,https://boxd.it/1HcK,3
6/3/21,Love in the Afternoon,1972,https://boxd.it/1Svo,3.5
6/30/21,Pain and Glory,2019,https://boxd.it/iOBQ,3
7/13/21,Looper,2012,https://boxd.it/ham,3
7/18/21,Something Useful,2017,https://boxd.it/gMaY,4
7/30/21,Inglourious Basterds,2009,https://boxd.it/1JzG,3.5
8/12/21,Never Look Away,2018,https://boxd.it/eZns,4
8/12/21,The Lovers on the Bridge,1991,https://boxd.it/26li,3
8/17/21,Amores Perros,2000,https://boxd.it/2bfu,4
8/20/21,Noah Land,2019,https://boxd.it/lEsq,3.5
8/23/21,Chungking Express,1994,https://boxd.it/1UDa,3.5
9/13/21,Another Round,2020,https://boxd.it/lkba,3.5
9/18/21,Enemy,2013,https://boxd.it/5xtO,3.5
9/20/21,The Father,2020,https://boxd.it/m8Ie,4.5
9/30/21,Shame,2011,https://boxd.it/2CxU,3
10/4/21,A Heart in Winter,1992,https://boxd.it/Ja0,4.5
10/10/21,Tenet,2020,https://boxd.it/leq4,3
10/10/21,Cinderella Man,2005,https://boxd.it/29he,4.5
10/12/21,Shiva Baby,2020,https://boxd.it/oIv0,2
10/12/21,The Guilty,2021,https://boxd.it/kOPW,4
10/12/21,Locke,2013,https://boxd.it/6hHC,4
10/15/21,Moonrise Kingdom,2012,https://boxd.it/2Wng,5
10/27/21,Little Women,2019,https://boxd.it/aSVk,4.5
11/5/21,Scenes from a Marriage,2021,https://boxd.it/wzSU,4
11/7/21,The Souvenir,2019,https://boxd.it/gXU4,2.5
11/21/21,The Grand Budapest Hotel,2014,https://boxd.it/3ZqO,5
11/28/21,Cinema Paradiso,1988,https://boxd.it/1UlA,4
12/9/21,The Painted Veil,2006,https://boxd.it/1OyS,4.5
12/9/21,A Tale of Winter,1992,https://boxd.it/1WJO,4
12/9/21,Rush,2013,https://boxd.it/3lyS,4.5
12/12/21,Jerry Maguire,1996,https://boxd.it/1YNS,4
12/16/21,"Ana, My Love",2017,https://boxd.it/fesM,4
12/18/21,When Harry Met Sally...,1989,https://boxd.it/29W2,4.5
12/25/21,"The French Dispatch of the Liberty, Kansas Evening Sun",2021,https://boxd.it/jLP8,4.5
1/15/22,Don't Look Up,2021,https://boxd.it/o0Hc,3
1/20/22,The Social Network,2010,https://boxd.it/17ue,3.5
1/21/22,Fantastic Mr. Fox,2009,https://boxd.it/1WyQ,4
2/24/22,The Worst Person in the World,2021,https://boxd.it/oyws,4
3/1/22,Brothers,2009,https://boxd.it/20WW,3.5
3/15/22,The Power of the Dog,2021,https://boxd.it/m99E,4.5
3/15/22,Mulholland Drive,2001,https://boxd.it/297o,2.5
4/2/22,The Royal Tenenbaums,2001,https://boxd.it/1YHU,5
4/16/22,Notting Hill,1999,https://boxd.it/2aeK,4
4/16/22,The Batman,2022,https://boxd.it/eDGs,3.5
4/23/22,CODA,2021,https://boxd.it/tbf4,3.5
4/23/22,The Bridges of Madison County,1995,https://boxd.it/29Os,4
5/6/22,The Shape of Water,2017,https://boxd.it/dZ5m,4
5/24/22,Mission: Impossible – Fallout,2018,https://boxd.it/bSVc,4
5/29/22,The Past,2013,https://boxd.it/4Ovg,4
6/4/22,Burnt,2015,https://boxd.it/9mVg,3
6/10/22,Godspeed,2022,https://boxd.it/AHcU,4
7/13/22,Meet Joe Black,1998,https://boxd.it/2aEI,3.5
8/8/22,Unfaithful,2002,https://boxd.it/275A,4
8/8/22,Happening,2021,https://boxd.it/tRts,3.5
8/9/22,The Devil's Advocate,1997,https://boxd.it/286k,4
8/9/22,The Aviator's Wife,1981,https://boxd.it/1srq,3.5
9/3/22,The Time Traveler's Wife,2009,https://boxd.it/1xH4,3.5
10/5/22,Torment,1994,https://boxd.it/1HMS,3.5
10/5/22,Bridget Jones's Diary,2001,https://boxd.it/29WQ,3.5
10/5/22,Short Term 12,2013,https://boxd.it/5f6s,4
10/9/22,Nocturnal Animals,2016,https://boxd.it/bkFu,4.5
10/30/22,Aftersun,2022,https://boxd.it/Arw0,4
10/31/22,Undine,2020,https://boxd.it/mM3K,3.5
10/31/22,Cici,2022,https://boxd.it/CPZu,4
11/11/22,Come and See,1985,https://boxd.it/1w9q,5
11/12/22,Triangle of Sadness,2022,https://boxd.it/hXlq,4
11/16/22,Don't Leave,2022,https://boxd.it/DmyQ,3
11/16/22,Love & Other Drugs,2010,https://boxd.it/UIi,3.5
11/19/22,Force Majeure,2014,https://boxd.it/7UcA,4
11/20/22,Perfume: The Story of a Murderer,2006,https://boxd.it/28LW,2.5
11/22/22,The Square,2017,https://boxd.it/e5YW,3.5
11/24/22,Jobs,2013,https://boxd.it/3RcY,3.5
11/28/22,Ordinary People,1980,https://boxd.it/1JTm,4.5
11/30/22,Dear Diary,1993,https://boxd.it/1vT8,2.5
12/1/22,In Time,2011,https://boxd.it/FPS,3
12/1/22,TRON: Legacy,2010,https://boxd.it/1Dlo,3
12/1/22,Hunting Season,2010,https://boxd.it/CXk,2.5
12/1/22,Crimean,2014,https://boxd.it/bBR8,4
12/1/22,A Long Story,2012,https://boxd.it/4t8q,4
12/1/22,A.R.O.G,2008,https://boxd.it/1xGg,3.5
12/1/22,Cars of the Revolution,2008,https://boxd.it/ypy,4
12/1/22,Heist School,2006,https://boxd.it/1qzM,4
12/1/22,G.O.R.A.,2004,https://boxd.it/1sau,4
12/28/22,Petite Maman,2021,https://boxd.it/s6je,3
12/28/22,French Kiss,1995,https://boxd.it/2atA,4
1/1/23,Mare of Easttown,2021,https://boxd.it/u2h8,4
1/2/23,Maudie,2016,https://boxd.it/ceaW,3.5
1/2/23,Invictus,2009,https://boxd.it/1zPk,4
1/2/23,Truly Madly Deeply,1990,https://boxd.it/1HaY,4
1/7/23,The Banshees of Inisherin,2022,https://boxd.it/p7XS,3.5
1/9/23,The Man from Earth,2007,https://boxd.it/1Ql2,3.5
1/9/23,Love Likes Coincidences 2,2020,https://boxd.it/oyc8,4
1/9/23,Karakomik Filmler,2019,https://boxd.it/jMsO,3
1/9/23,Transformers,2007,https://boxd.it/280c,3.5
1/9/23,The Magician,2006,https://boxd.it/1Qtg,4
1/22/23,Gad Elmaleh: American Dream,2018,https://boxd.it/ijT0,4.5
1/22/23,Forgotten,2017,https://boxd.it/hAJE,3
2/5/23,The Menu,2022,https://boxd.it/lScm,4
2/23/23,Babylon,2022,https://boxd.it/mM02,4.5
3/1/23,TÁR,2022,https://boxd.it/uNIA,3
3/2/23,mother!,2017,https://boxd.it/dgRU,4
3/3/23,Last Tango in Paris,1972,https://boxd.it/28pw,2.5
3/11/23,"Three Billboards Outside Ebbing, Missouri",2017,https://boxd.it/ceBS,4
3/14/23,The Fabelmans,2022,https://boxd.it/ugoM,4.5
3/18/23,A Man Called Otto,2022,https://boxd.it/zl06,3
3/19/23,The Whale,2022,https://boxd.it/tw4c,4
4/1/23,The Florida Project,2017,https://boxd.it/dMG0,3
4/4/23,Taste of Cherry,1997,https://boxd.it/1m8W,4
4/28/23,The Dust of Time,2008,https://boxd.it/AFI,3
4/29/23,Summer 1993,2017,https://boxd.it/fAfK,4
5/16/23,Burning Days,2022,https://boxd.it/psok,3.5
6/4/23,The Talented Mr. Ripley,1999,https://boxd.it/2924,3.5
6/10/23,Beautiful Boy,2018,https://boxd.it/g76Q,4
6/16/23,Normal People,2020,https://boxd.it/q2VY,4.5
6/17/23,W.E.,2011,https://boxd.it/2Op4,2.5
6/18/23,The Departed,2006,https://boxd.it/28MA,4.5
6/24/23,"Paris, Texas",1984,https://boxd.it/29Ts,4
6/25/23,Sick of Myself,2022,https://boxd.it/tEzs,3.5
7/12/23,Snow and the Bear,2022,https://boxd.it/C6WK,2.5
7/21/23,All About My Mother,1999,https://boxd.it/2b9c,3.5
7/21/23,La Belle Noiseuse,1991,https://boxd.it/1RxI,3.5
7/21/23,Hit the Road,2021,https://boxd.it/vBVO,4.5
7/22/23,Oppenheimer,2023,https://boxd.it/wUow,4.5
8/8/23,After Hours,1985,https://boxd.it/1VfS,4
8/11/23,Inception,2010,https://boxd.it/1skk,5
8/28/23,The Great Beauty,2013,https://boxd.it/5ty6,3.5
8/28/23,Bruce Almighty,2003,https://boxd.it/2aCC,3.5
8/29/23,The Green Knight,2021,https://boxd.it/kuy2,2.5
9/1/23,20th Century Women,2016,https://boxd.it/bqU6,4
9/10/23,This Summer Feeling,2015,https://boxd.it/cOAG,3.5
9/14/23,Past Lives,2023,https://boxd.it/oNB8,3.5
9/14/23,"Two Days, One Night",2014,https://boxd.it/6A58,4
9/17/23,Taxi Driver,1976,https://boxd.it/2b8y,4
9/30/23,The Kid with a Bike,2011,https://boxd.it/5Xc,4
10/2/23,A Bigger Splash,2015,https://boxd.it/azgs,3.5
10/6/23,The Child,2005,https://boxd.it/1TJm,4
10/12/23,Cloud Atlas,2012,https://boxd.it/2W60,3.5
10/16/23,Microphone,2010,https://boxd.it/2QBm,3.5
10/27/23,Nelly and Monsieur Arnaud,1995,https://boxd.it/1Ruu,3.5
10/29/23,The Death of Stalin,2017,https://boxd.it/ea9Y,3
11/1/23,Good Morning,1959,https://boxd.it/2lkk,3.5
11/2/23,Silence,2016,https://boxd.it/2cAo,4
11/2/23,Basic Instinct,1992,https://boxd.it/2asM,3
11/4/23,The Irishman,2019,https://boxd.it/dYOq,3.5
11/6/23,Scenes from a Marriage,1974,https://boxd.it/4kJC,4
11/13/23,Close-Up,1990,https://boxd.it/1m9q,5
11/13/23,American Sniper,2014,https://boxd.it/5LDy,4
11/21/23,Bihter: A Forbidden Passion,2023,https://boxd.it/ENQk,1
11/27/23,Last Call for Istanbul,2023,https://boxd.it/Dwfu,2
11/27/23,Submarine,2010,https://boxd.it/H4a,4.5
12/9/23,Fruitvale Station,2013,https://boxd.it/4VRy,3.5
12/10/23,Philadelphia,1993,https://boxd.it/1XMk,3.5
12/10/23,Atatürk 1881 - 1919,2023,https://boxd.it/IVy2,2
12/14/23,"Oslo, August 31st",2011,https://boxd.it/2xQC,4
12/14/23,Insomnia,2002,https://boxd.it/2aB0,4
12/14/23,About Dry Grasses,2023,https://boxd.it/oNbO,4
12/14/23,11.22.63,2016,https://boxd.it/bFV4,3
12/17/23,I Know This Much Is True,2020,https://boxd.it/pVeo,4.5
12/23/23,La Cérémonie,1995,https://boxd.it/287C,3
12/27/23,Where Is the Friend's House?,1987,https://boxd.it/ELg,4.5
1/1/24,Close,2022,https://boxd.it/y4qa,4.5
1/2/24,Tiny Beautiful Things,2023,https://boxd.it/FYIS,3.5
1/2/24,Afire,2023,https://boxd.it/y06K,3.5
1/4/24,Capernaum,2018,https://boxd.it/iM3s,5
1/11/24,Mirror,1975,https://boxd.it/28Q8,3
1/13/24,"The Boy, the Mole, the Fox and the Horse",2022,https://boxd.it/BBT6,3.5
1/31/24,May December,2023,https://boxd.it/vEE2,3.5
2/4/24,Priscilla,2023,https://boxd.it/Cz3k,3.5
2/4/24,Losers' Club,2011,https://boxd.it/gxE,3
2/4/24,Husbands and Wives,1992,https://boxd.it/1pIe,4
2/8/24,Three Colours: Blue,1993,https://boxd.it/2b7K,4.5
2/8/24,Three Colours: Red,1994,https://boxd.it/2b7q,4.5
2/9/24,Three Colours: White,1994,https://boxd.it/2b7A,4
2/9/24,Anatomy of a Fall,2023,https://boxd.it/yuDE,4.5
2/12/24,Damage,1992,https://boxd.it/1URm,2.5
2/14/24,Perfect Days,2023,https://boxd.it/ATh8,4
2/26/24,Adaptation.,2002,https://boxd.it/26mA,4
3/7/24,A Round of Applause,2024,https://boxd.it/LJq2,4
3/12/24,Monster,2023,https://boxd.it/DJEM,4
3/24/24,Dune,2021,https://boxd.it/fA7G,3
4/7/24,Certified Copy,2010,https://boxd.it/IMW,4
4/7/24,The Usual Suspects,1995,https://boxd.it/29XE,4.5
4/17/24,The Broken Circle Breakdown,2012,https://boxd.it/4pHm,4
4/23/24,The Zone of Interest,2023,https://boxd.it/gJsA,3
4/26/24,Baby Reindeer,2024,https://boxd.it/MwSa,3.5
4/26/24,Manhattan,1979,https://boxd.it/29Na,3.5
4/29/24,A Man and a Woman,1966,https://boxd.it/Wb6,4
5/9/24,Sing Street,2016,https://boxd.it/cOo6,3.5
5/11/24,A Summer's Tale,1996,https://boxd.it/183e,3.5
6/1/24,Everything's Gonna Be Great,1998,https://boxd.it/2R36,4
6/17/24,Sharp Objects,2018,https://boxd.it/j3NM,3.5
7/6/24,All of Us Strangers,2023,https://boxd.it/Bz3C,3.5
7/7/24,Victoria,2015,https://boxd.it/amSe,3
7/16/24,Pauline at the Beach,1983,https://boxd.it/1WC4,3
7/27/24,The Killing of a Sacred Deer,2017,https://boxd.it/dZ5G,3
8/5/24,Demolition,2015,https://boxd.it/9GuY,4
8/12/24,The Godfather,1972,https://boxd.it/2aNK,4
8/12/24,Inside Out 2,2024,https://boxd.it/CFrC,4.5
9/2/24,Children of Men,2006,https://boxd.it/1Y2i,3
9/2/24,Killers of the Flower Moon,2023,https://boxd.it/gHp0,3.5
9/30/24,Seagrass,2023,https://boxd.it/GFj2,4
11/17/24,A Nos Amours,1983,https://boxd.it/271I,2
11/18/24,Kramer vs. Kramer,1979,https://boxd.it/h0w,4.5
12/14/24,A Real Pain,2024,https://boxd.it/CjNG,4.5
12/20/24,Full Metal Jacket,1987,https://boxd.it/2a1Q,4
12/23/24,Kung Fu Panda 4,2024,https://boxd.it/CepE,3.5
12/24/24,Meet the Robinsons,2007,https://boxd.it/28Ym,4
12/24/24,Brother Bear,2003,https://boxd.it/1Xjs,3.5
12/24/24,The Polar Express,2004,https://boxd.it/23am,4
12/25/24,Don't Let Them Shoot the Kite,1989,https://boxd.it/Ff6,3.5
1/12/25,The Hours,2002,https://boxd.it/2a3s,4
1/12/25,Minority Report,2002,https://boxd.it/2aWi,4
1/14/25,Training Day,2001,https://boxd.it/27A4,3.5
2/10/25,Lost in Translation,2003,https://boxd.it/2b0E,3.5
2/10/25,Godard Mon Amour,2017,https://boxd.it/eGLK,4
2/21/25,A Complete Unknown,2024,https://boxd.it/oBYa,3
2/21/25,Like a Son,2023,https://boxd.it/FcPw,3.5
2/26/25,The Brutalist,2024,https://boxd.it/k4BO,4
3/3/25,Wander to Wonder,2023,https://boxd.it/HKxU,3.5
3/3/25,In the Shadow of the Cypress,2023,https://boxd.it/HKzc,4.5
3/3/25,Beautiful Men,2023,https://boxd.it/HMpe,4
3/3/25,Yuck!,2024,https://boxd.it/KjJK,4.5
3/3/25,Magic Candies,2024,https://boxd.it/LzfI,4
3/7/25,I'm Not a Robot,2023,https://boxd.it/IGTE,5
3/7/25,The Last Ranger,2024,https://boxd.it/OdS0,3.5
3/7/25,Anuja,2024,https://boxd.it/PHoQ,3.5
3/7/25,The Man Who Could Not Remain Silent,2024,https://boxd.it/MLW2,4
3/7/25,A Lien,2023,https://boxd.it/Gk7Y,5
3/8/25,Trainspotting,1996,https://boxd.it/29XY,4
4/7/25,Adolescence,2025,https://boxd.it/TFGw,4
4/7/25,The Friend,2024,https://boxd.it/J0BU,3
4/21/25,I'm Still Here,2024,https://boxd.it/BPEO,4.5
4/22/25,My Life as a Zucchini,2016,https://boxd.it/dL2y,5
4/22/25,Moonlight,2016,https://boxd.it/d6bE,4
4/22/25,The Ballad of Wallis Island,2025,https://boxd.it/GqT0,4
4/26/25,My Neighbor Totoro,1988,https://boxd.it/20eA,3.5
5/26/25,La Haine,1995,https://boxd.it/2as8,4.5
5/29/25,In the Mood for Love,2000,https://boxd.it/29tE,5
6/1/25,Ghost Trail,2024,https://boxd.it/BQDs,4
6/3/25,The Battle of Algiers,1966,https://boxd.it/1IRY,3.5
7/1/25,Frances Ha,2012,https://boxd.it/41Xg,3.5
7/2/25,Raising Arizona,1987,https://boxd.it/2avQ,4
7/4/25,The Darjeeling Limited,2007,https://boxd.it/24as,3.5
7/5/25,The Phoenician Scheme,2025,https://boxd.it/H0Ca,3
7/6/25,Following,1998,https://boxd.it/1Tj4,3.5
7/9/25,Kes,1969,https://boxd.it/1Qi8,4
7/10/25,Senna,2010,https://boxd.it/kfE,3.5
7/12/25,"I, Daniel Blake",2016,https://boxd.it/d0xa,3.5
7/18/25,The Reader,2008,https://boxd.it/20Dq,3.5
7/22/25,The Time That Remains,2009,https://boxd.it/QP0,4
7/22/25,Argo,2012,https://boxd.it/2czU,3
7/24/25,Materialists,2025,https://boxd.it/GZlW,3.5
7/26/25,Memories of Murder,2003,https://boxd.it/1TSo,4
8/2/25,The Things of Life,1970,https://boxd.it/25oU,4.5
8/3/25,Cats & Dogs,2001,https://boxd.it/1UUq,3.5
8/3/25,The Festival of Troubadours,2022,https://boxd.it/xaKo,1
8/3/25,The Sacrifice,1986,https://boxd.it/1xg8,1
8/5/25,Hiroshima Mon Amour,1959,https://boxd.it/22WY,3.5
8/7/25,Decalogue VI,1989,https://boxd.it/3WlQ,4
8/7/25,The Night Of,2016,https://boxd.it/eC1I,4
8/8/25,The Lives of Others,2006,https://boxd.it/2a4A,3.5
8/9/25,Groundhog Day,1993,https://boxd.it/2b3e,3.5
8/9/25,"sex, lies, and videotape",1989,https://boxd.it/28Oc,3.5
8/10/25,Cure,1997,https://boxd.it/1blA,0.5
8/10/25,The Wonderful Story of Henry Sugar,2023,https://boxd.it/yNyo,4
8/12/25,Ulysses' Gaze,1995,https://boxd.it/1ApC,4.5
8/14/25,Landscape in the Mist,1988,https://boxd.it/JRy,4
8/15/25,Breathless,1960,https://boxd.it/2aIK,3
8/28/25,Decalogue I,1989,https://boxd.it/3WmE,4.5
8/28/25,The Fall,2006,https://boxd.it/1NoM,4.5
9/23/25,Once Upon a Time in Anatolia,2011,https://boxd.it/2yHG,4
9/24/25,Ray,2004,https://boxd.it/28km,4
10/31/25,Frankenstein,2025,https://boxd.it/Ecsg,3
10/31/25,Decalogue II,1989,https://boxd.it/C8Q,4
11/4/25,The 400 Blows,1959,https://boxd.it/2b1C,4.5
11/6/25,Nouvelle Vague,2025,https://boxd.it/LLLQ,3.5
11/8/25,Pierrot le Fou,1965,https://boxd.it/26j2,2.5
11/19/25,Decalogue III,1989,https://boxd.it/3Wmu,3.5
11/19/25,It Was Just an Accident,2025,https://boxd.it/TX2k,3.5
11/19/25,The White Ribbon,2009,https://boxd.it/17eU,4
11/20/25,Rebuilding,2025,https://boxd.it/JYjm,2
11/24/25,There Will Be Blood,2007,https://boxd.it/20Z2,4
11/26/25,Jay Kelly,2025,https://boxd.it/EsWw,3
12/2/25,"Paris, 13th District",2021,https://boxd.it/s0Ky,3
12/2/25,The Wind That Shakes the Barley,2006,https://boxd.it/293Q,4
12/4/25,"The Tree, the Mayor and the Mediatheque",1993,https://boxd.it/4lEI,3
12/9/25,A Short Film About Killing,1988,https://boxd.it/1VtK,5
12/10/25,Loveless,2017,https://boxd.it/fcFa,3.5
12/10/25,The Return,2003,https://boxd.it/1UpM,4
12/11/25,That Obscure Object of Desire,1977,https://boxd.it/22zg,2.5
12/13/25,La Grazia,2025,https://boxd.it/RLHm,3
12/14/25,Leviathan,2014,https://boxd.it/7Ub8,3.5
12/14/25,The Banishment,2007,https://boxd.it/1wk4,3.5
12/14/25,Mystery,2011,https://boxd.it/7gl8,2
12/15/25,Blind Chance,1987,https://boxd.it/2b4G,4
12/16/25,Sentimental Value,2025,https://boxd.it/GwcG,4
12/19/25,Atropia,2025,https://boxd.it/L5Km,3.5
12/22/25,Decalogue IV,1989,https://boxd.it/C8w,2.5
12/25/25,Elena,2011,https://boxd.it/2I9u,3.5
12/26/25,Ernest & Celestine,2012,https://boxd.it/493A,3
12/27/25,The Town,2025,https://boxd.it/ZCeQ,2.5
12/28/25,The Weeping Meadow,2004,https://boxd.it/177k,4
1/11/26,Persona,1966,https://boxd.it/29B4,3
1/11/26,"Synecdoche, New York",2008,https://boxd.it/23zw,4.5
1/18/26,Die My Love,2025,https://boxd.it/D5cI,3
1/18/26,A Ghost Story,2017,https://boxd.it/fb0K,4
1/24/26,Marty Supreme,2025,https://boxd.it/Off0,4.5
2/14/26,Wuthering Heights,2026,https://boxd.it/OdIa,0.5
2/17/26,The Secret Agent,2025,https://boxd.it/KkUE,3.5
2/17/26,Hamnet,2025,https://boxd.it/woVy,4
2/17/26,Andrei Rublev,1966,https://boxd.it/29lg,3
2/17/26,Father Mother Sister Brother,2025,https://boxd.it/HRoU,3
2/18/26,Sinners,2025,https://boxd.it/KQMM,4
2/22/26,Museum of Innocence,2026,https://boxd.it/10YUc,4
3/11/26,Punch-Drunk Love,2002,https://boxd.it/20E4,4
3/11/26,Eyes Wide Shut,1999,https://boxd.it/2axs,4
3/14/26,One Battle After Another,2025,https://boxd.it/DUHM,4.5
3/23/26,The Diving Bell and the Butterfly,2007,https://boxd.it/27Di,4.5