Date,Name,Year,Letterboxd URI,Rating,Rewatch,Tags,Watched Date
2021-03-11,A Few Good Men,1992,https://boxd.it/1IswqZ,4,,,2021-03-07
2021-03-11,Kate & Leopold,2001,https://boxd.it/1Iswcj,3.5,,,2021-03-08
2021-03-11,I Care a Lot,2020,https://boxd.it/1IswnV,0.5,,,2021-03-08
2021-03-11,Schindler's List,1993,https://boxd.it/1IswjJ,4.5,,,2021-03-09
2021-03-11,Cold War,2018,https://boxd.it/1Isw6b,1,,,2021-03-10
2021-03-21,Being John Malkovich,1999,https://boxd.it/1JIixj,3,,,2021-03-12
2021-03-21,Little Women,2019,https://boxd.it/1JIiRX,4.5,,,2021-03-14
2021-03-16,The Devil All the Time,2020,https://boxd.it/1J5BnJ,4,,,2021-03-16
2021-03-21,It's Only the End of the World,2016,https://boxd.it/1JIjdz,3,,,2021-03-16
2021-03-21,21 Grams,2003,https://boxd.it/1JIhfj,4,,,2021-03-20
2021-03-24,Palm Springs,2020,https://boxd.it/1K9xC3,3.5,,,2021-03-23
2021-04-12,Time to Love,1965,https://boxd.it/1MRMIL,2.5,,,2021-04-11
2021-04-15,The Fountain,2006,https://boxd.it/1NjrHt,4,Yes,,2021-04-14
2021-05-09,Lady Bird,2017,https://boxd.it/1QD7MZ,3.5,,,2021-04-14
2021-04-30,Like Crazy,2011,https://boxd.it/1PsOMx,3.5,,,2021-04-15
2021-04-24,Like Crazy,2011,https://boxd.it/1Oylpn,3.5,,,2021-04-18
2021-04-25,Pieces of a Woman,2020,https://boxd.it/1OKmrX,3.5,,,2021-04-25
2021-04-26,The Art of Racing in the Rain,2019,https://boxd.it/1OW8vb,4,,,2021-04-26
2021-04-30,On Body and Soul,2017,https://boxd.it/1PsOpt,4,,,2021-04-30
2021-05-02,Sound of Metal,2019,https://boxd.it/1PHT5D,3.5,,,2021-05-01
2021-05-04,Amélie,2001,https://boxd.it/1Q3rDB,5,,,2021-05-03
2021-05-09,Minari,2020,https://boxd.it/1QETsv,4.5,,,2021-05-08
2021-05-11,As Good as It Gets,1997,https://boxd.it/1QZxuh,4,,,2021-05-11
2021-05-26,Love in the Afternoon,1957,https://boxd.it/1SX84H,3.5,,,2021-05-25
2021-06-03,Love in the Afternoon,1972,https://boxd.it/1U3p1B,3.5,,,2021-06-03
2021-06-30,Pain and Glory,2019,https://boxd.it/1Xu1td,3,,,2021-06-15
2021-07-13,Looper,2012,https://boxd.it/1ZqQ1f,3,,,2021-07-09
2021-07-18,Something Useful,2017,https://boxd.it/207aKN,4,,,2021-07-14
2021-07-30,Inglourious Basterds,2009,https://boxd.it/21Wpmn,3.5,,,2021-07-30
2021-08-12,Never Look Away,2018,https://boxd.it/23OD45,4,,,2021-08-11
2021-08-12,The Lovers on the Bridge,1991,https://boxd.it/23RTH9,3,,,2021-08-12
2021-08-17,Amores Perros,2000,https://boxd.it/24ylwx,4,,,2021-08-16
2021-08-20,Noah Land,2019,https://boxd.it/24ZaX7,3.5,,,2021-08-19
2021-08-23,Chungking Express,1994,https://boxd.it/25mV4z,3.5,,,2021-08-20
2021-09-13,Another Round,2020,https://boxd.it/28pyPv,3.5,,,2021-09-12
2021-09-18,Enemy,2013,https://boxd.it/293y0R,3.5,,,2021-09-18
2021-09-20,The Father,2020,https://boxd.it/29lQe9,4.5,,,2021-09-20
2021-09-30,Shame,2011,https://boxd.it/2aDBnb,3,,,2021-09-26
2021-10-04,A Heart in Winter,1992,https://boxd.it/2bifYr,4.5,,,2021-10-03
2021-12-09,A Tale of Winter,1992,https://boxd.it/2lrNHn,4,,,2021-10-07
2021-10-10,Cinderella Man,2005,https://boxd.it/2ccqx9,4.5,Yes,,2021-10-10
2021-10-12,Shiva Baby,2020,https://boxd.it/2coNg5,2,,,2021-10-11
2021-10-12,The Guilty,2021,https://boxd.it/2ctLAn,4,,,2021-10-12
2021-10-12,Locke,2013,https://boxd.it/2ctNZz,4,,,2021-10-12
2021-10-15,Moonrise Kingdom,2012,https://boxd.it/2cV2wV,5,,,2021-10-15
2021-11-21,The Grand Budapest Hotel,2014,https://boxd.it/2iGgaX,5,,,2021-10-22
2021-10-27,Dune,2021,https://boxd.it/2eNww9,3,,,2021-10-27
2021-11-05,Scenes from a Marriage,2021,https://boxd.it/2ggOb1,4,,,2021-11-05
2021-11-07,The Souvenir,2019,https://boxd.it/2gyuuX,2.5,,,2021-11-07
2021-11-28,Cinema Paradiso,1988,https://boxd.it/2jMrOF,4,,,2021-11-27
2021-12-09,Rush,2013,https://boxd.it/2lsPpx,4.5,,,2021-12-09
2021-12-12,Jerry Maguire,1996,https://boxd.it/2lPRW5,4,Yes,,2021-12-11
2021-12-16,"Ana, My Love",2017,https://boxd.it/2mv6pd,4,,,2021-12-16
2021-12-18,When Harry Met Sally...,1989,https://boxd.it/2mQSX5,4.5,,,2021-12-18
2021-12-18,When Harry Met Sally...,1989,https://boxd.it/2mQUv3,4.5,,,2021-12-18
2021-12-25,"The French Dispatch of the Liberty, Kansas Evening Sun",2021,https://boxd.it/2oeRzD,4.5,,,2021-12-25
2022-01-15,Don't Look Up,2021,https://boxd.it/2tLVrT,3,,,2022-01-14
2022-01-20,The Social Network,2010,https://boxd.it/2v5a0F,4,,,2022-01-20
2022-01-21,Fantastic Mr. Fox,2009,https://boxd.it/2vfj8N,4,,,2022-01-21
2022-08-09,The Devil's Advocate,1997,https://boxd.it/36Xo6j,4,,,2022-02-17
2022-02-24,The Worst Person in the World,2021,https://boxd.it/2BHSxD,4,,,2022-02-23
2022-03-01,Brothers,2009,https://boxd.it/2CAJIx,3.5,,,2022-02-28
2022-03-15,Mulholland Drive,2001,https://boxd.it/2FbcZd,2.5,,,2022-03-12
2022-03-15,The Power of the Dog,2021,https://boxd.it/2FbcvH,4.5,,,2022-03-14
2022-04-02,The Royal Tenenbaums,2001,https://boxd.it/2IuQwb,5,,,2022-04-02
2022-04-02,The Royal Tenenbaums,2001,https://boxd.it/2IuRDR,5,,,2022-04-02
2022-04-16,Notting Hill,1999,https://boxd.it/2KWNIx,4,,,2022-04-15
2022-04-16,The Batman,2022,https://boxd.it/2KWO4j,3.5,,,2022-04-15
2022-04-23,CODA,2021,https://boxd.it/2MfpDb,3.5,,,2022-04-16
2022-04-23,The Bridges of Madison County,1995,https://boxd.it/2MhNkL,4,,,2022-04-23
2022-05-06,The Shape of Water,2017,https://boxd.it/2ODcPp,4,,,2022-05-06
2022-05-24,Mission: Impossible – Fallout,2018,https://boxd.it/2RWOff,4,,,2022-05-24
2022-05-29,The Past,2013,https://boxd.it/2SGMeV,4,,,2022-05-29
2022-06-04,Burnt,2015,https://boxd.it/2TIiGX,3,,,2022-06-04
2022-06-10,Godspeed,2022,https://boxd.it/2UKlwJ,4,,,2022-06-09
2022-07-13,Meet Joe Black,1998,https://boxd.it/312z29,3.5,,,2022-06-29
2025-07-18,The Reader,2008,https://boxd.it/an6R8r,3.5,,,2022-07-24
2022-08-08,Unfaithful,2002,https://boxd.it/36HUal,4,,,2022-07-28
2022-08-08,Happening,2021,https://boxd.it/36HUDx,3.5,,,2022-07-31
2022-10-05,The Festival of Troubadours,2022,https://boxd.it/3i316r,3,,,2022-08-04
2022-08-09,The Aviator's Wife,1981,https://boxd.it/36ZLFb,3.5,,,2022-08-09
2022-09-03,The Time Traveler's Wife,2009,https://boxd.it/3bNkpr,3.5,,,2022-09-02
2022-10-05,Short Term 12,2013,https://boxd.it/3i32af,4,,,2022-09-29
2022-10-05,Torment,1994,https://boxd.it/3i30nr,3.5,,,2022-10-04
2022-10-05,Bridget Jones's Diary,2001,https://boxd.it/3i31zX,3.5,,,2022-10-04
2022-10-09,Nocturnal Animals,2016,https://boxd.it/3iUIDT,4.5,Yes,,2022-10-09
2022-10-30,Aftersun,2022,https://boxd.it/3njbqt,4,,,2022-10-29
2022-10-31,Undine,2020,https://boxd.it/3nAujl,3.5,,,2022-10-30
2022-10-31,Cici,2022,https://boxd.it/3nAuMd,4,,,2022-10-30
2022-11-12,Come and See,1985,https://boxd.it/3q5kfj,5,,,2022-11-11
2022-11-12,Come and See,1985,https://boxd.it/3q5kRn,5,,,2022-11-11
2022-11-12,Triangle of Sadness,2022,https://boxd.it/3qaCPz,4,,,2022-11-12
2022-11-16,Don't Leave,2022,https://boxd.it/3r1O0J,3,,,2022-11-15
2022-11-16,Love & Other Drugs,2010,https://boxd.it/3r1PSn,3.5,,,2022-11-15
2022-11-19,Force Majeure,2014,https://boxd.it/3rDsSb,4,,,2022-11-19
2022-11-20,Perfume: The Story of a Murderer,2006,https://boxd.it/3rQq6Z,2.5,,,2022-11-20
2022-11-22,The Square,2017,https://boxd.it/3sp1Ul,3.5,,,2022-11-22
2022-11-24,Steve Jobs,2015,https://boxd.it/3sEnPx,3.5,,,2022-11-23
2022-11-28,Ordinary People,1980,https://boxd.it/3tBe4b,4.5,,,2022-11-28
2022-11-30,Dear Diary,1993,https://boxd.it/3tYD9B,2.5,,,2022-11-29
2022-12-28,Saraband,2003,https://boxd.it/3B5YTH,,,,2022-12-01
2022-12-06,The Prestige,2006,https://boxd.it/3vbvgf,4.5,Yes,,2022-12-05
2022-12-28,Petite Maman,2021,https://boxd.it/3B5YJn,3,,,2022-12-07
2022-12-28,French Kiss,1995,https://boxd.it/3B5YcN,4,,,2022-12-28
2023-01-01,Mare of Easttown,2021,https://boxd.it/3CjR2X,4,,,2022-12-31
2023-01-02,Truly Madly Deeply,1990,https://boxd.it/3CSUBV,4,,,2023-01-02
2023-01-07,The Banshees of Inisherin,2022,https://boxd.it/3EUYNX,3.5,,,2023-01-07
2023-01-09,The Man from Earth,2007,https://boxd.it/3FBk0n,3.5,,,2023-01-08
2023-01-22,Gad Elmaleh: American Dream,2018,https://boxd.it/3K53MZ,4.5,,,2023-01-22
2023-01-22,Forgotten,2017,https://boxd.it/3K54Gj,3,,,2023-01-22
2023-02-23,Babylon,2022,https://boxd.it/3TvhUB,4.5,,,2023-02-18
2023-02-26,TÁR,2022,https://boxd.it/3UnGlp,3.5,,,2023-02-26
2023-03-03,Last Tango in Paris,1972,https://boxd.it/3VJgqB,2.5,,,2023-02-27
2023-03-02,mother!,2017,https://boxd.it/3VvvU9,,,,2023-03-02
2023-03-11,"Three Billboards Outside Ebbing, Missouri",2017,https://boxd.it/3XP6c5,4,Yes,,2023-03-10
2023-03-14,The Fabelmans,2022,https://boxd.it/3YStEL,4.5,,,2023-03-14
2023-03-18,A Man Called Otto,2022,https://boxd.it/3ZOgMN,3,,,2023-03-17
2023-03-19,The Whale,2022,https://boxd.it/408AB1,4,,,2023-03-19
2023-04-01,The Florida Project,2017,https://boxd.it/43wJGp,3,,,2023-03-31
2023-04-04,Taste of Cherry,1997,https://boxd.it/44tBqL,4,,,2023-04-03
2023-04-04,Taste of Cherry,1997,https://boxd.it/44uiZz,4,Yes,,2023-04-04
2023-04-09,Close,2022,https://boxd.it/463HTF,4.5,,,2023-04-09
2023-04-28,The Dust of Time,2008,https://boxd.it/4aVlM7,3.5,,,2023-04-27
2023-04-29,Summer 1993,2017,https://boxd.it/4bbVXx,4,,,2023-04-28
2023-05-16,Burning Days,2022,https://boxd.it/4fHg7P,3.5,,,2023-05-16
2023-06-04,The Talented Mr. Ripley,1999,https://boxd.it/4kmtip,3.5,,,2023-06-03
2023-06-10,Beautiful Boy,2018,https://boxd.it/4m4qfp,4,,,2023-06-10
2023-06-16,Normal People,2020,https://boxd.it/4nGtx7,4.5,,,2023-06-16
2023-06-17,The Departed,2006,https://boxd.it/4nVpHR,4,Yes,,2023-06-16
2023-06-18,The Departed,2006,https://boxd.it/4o6vvf,4.5,Yes,,2023-06-17
2023-06-24,"Paris, Texas",1984,https://boxd.it/4pUAMT,4,,,2023-06-23
2023-06-25,Sick of Myself,2022,https://boxd.it/4q8hKR,3.5,,,2023-06-24
2023-07-12,Snow and the Bear,2022,https://boxd.it/4vhO5Z,2.5,,,2023-07-11
2023-07-21,Hit the Road,2021,https://boxd.it/4y3MPZ,5,,,2023-07-20
2023-07-21,All About My Mother,1999,https://boxd.it/4y44ZN,3.5,,,2023-07-20
2023-07-21,La Belle Noiseuse,1991,https://boxd.it/4y45qT,4,,,2023-07-20
2023-07-22,Oppenheimer,2023,https://boxd.it/4yy0YV,4.5,,,2023-07-22
2023-08-07,After Hours,1985,https://boxd.it/4EKStZ,3.5,,,2023-08-07
2023-08-11,Inception,2010,https://boxd.it/4FVeAn,5,,,2023-08-10
2023-08-11,Inception,2010,https://boxd.it/4FVeIL,4.5,Yes,,2023-08-10
2023-08-28,The Great Beauty,2013,https://boxd.it/4LojvF,3.5,,,2023-08-28
2023-08-28,Bruce Almighty,2003,https://boxd.it/4Lok8H,3.5,,,2023-08-28
2023-08-29,The Green Knight,2021,https://boxd.it/4LHZsh,2.5,,,2023-08-28
2023-09-01,20th Century Women,2016,https://boxd.it/4Mtfnh,4,,,2023-08-30
2023-09-10,This Summer Feeling,2015,https://boxd.it/4Pep4h,3.5,,,2023-09-10
2023-09-13,Past Lives,2023,https://boxd.it/4Q4Trf,4,,,2023-09-12
2023-09-14,"Two Days, One Night",2014,https://boxd.it/4QnXS3,4,,,2023-09-14
2023-09-17,Taxi Driver,1976,https://boxd.it/4R21n9,4,,,2023-09-16
2023-09-30,The Kid with a Bike,2011,https://boxd.it/4V1gHR,4,,,2023-09-30
2023-10-02,A Bigger Splash,2015,https://boxd.it/4VAz0R,3.5,,,2023-10-01
2023-10-06,The Child,2005,https://boxd.it/4WRvSt,4,,,2023-10-05
2023-10-12,Cloud Atlas,2012,https://boxd.it/4YVw1B,3.5,,,2023-10-11
2023-10-16,Microphone,2010,https://boxd.it/50i2yv,4,,,2023-10-15
2023-10-27,Nelly and Monsieur Arnaud,1995,https://boxd.it/53Intv,3.5,,,2023-10-26
2023-10-27,Nelly and Monsieur Arnaud,1995,https://boxd.it/53IoMN,3.5,,,2023-10-26
2023-10-29,The Death of Stalin,2017,https://boxd.it/54mIwP,3,,,2023-10-28
2023-11-01,Good Morning,1959,https://boxd.it/55DIgb,3.5,,,2023-11-01
2023-11-02,Silence,2016,https://boxd.it/55U8rr,4,,,2023-11-01
2023-11-02,Basic Instinct,1992,https://boxd.it/560qMJ,3,,,2023-11-01
2023-11-04,The Irishman,2019,https://boxd.it/56NDT7,3.5,,,2023-11-04
2023-11-06,Scenes from a Marriage,1974,https://boxd.it/57odoL,4,,,2023-11-05
2023-11-13,Close-Up,1990,https://boxd.it/59AF7b,5,,,2023-11-13
2023-11-21,Bihter: A Forbidden Passion,2023,https://boxd.it/5c6ReZ,1,,,2023-11-21
2023-11-27,Last Call for Istanbul,2023,https://boxd.it/5dYjil,2,,,2023-11-26
2023-11-27,Submarine,2010,https://boxd.it/5dYnZ9,4.5,,,2023-11-26
2023-12-09,Fruitvale Station,2013,https://boxd.it/5i8vOp,3.5,,,2023-12-09
2023-12-10,Philadelphia,1993,https://boxd.it/5ivp7P,3.5,,,2023-12-10
2023-12-14,"Oslo, August 31st",2011,https://boxd.it/5jTJSj,4,,,2023-12-13
2023-12-14,Insomnia,2002,https://boxd.it/5jY8Rj,4,,,2023-12-14
2023-12-17,I Know This Much Is True,2020,https://boxd.it/5kXpat,4.5,,,2023-12-16
2023-12-20,Loveless,2017,https://boxd.it/5m9eHf,4,,,2023-12-19
2023-12-23,La Cérémonie,1995,https://boxd.it/5nlocf,3,,,2023-12-23
2023-12-27,Where Is the Friend's House?,1987,https://boxd.it/5pqrAx,4.5,,,2023-12-27
2024-01-02,Tiny Beautiful Things,2023,https://boxd.it/5sMHBH,3.5,,,2024-01-01
2024-01-02,Afire,2023,https://boxd.it/5tgAXL,3.5,,,2024-01-02
2024-01-04,Capernaum,2018,https://boxd.it/5u9Fbx,5,,,2024-01-03
2024-01-11,Mirror,1975,https://boxd.it/5yB9Sr,3,,,2024-01-06
2024-01-13,"The Boy, the Mole, the Fox and the Horse",2022,https://boxd.it/5zIRaV,3.5,,,2024-01-13
2024-01-31,May December,2023,https://boxd.it/5J5Ltp,3.5,,,2024-01-31
2024-02-04,Priscilla,2023,https://boxd.it/5KYRuR,3.5,,,2024-02-03
2024-02-04,Losers' Club,2011,https://boxd.it/5L17w9,3,,,2024-02-03
2024-02-04,Husbands and Wives,1992,https://boxd.it/5L42tl,4,,,2024-02-04
2024-02-08,Three Colours: Blue,1993,https://boxd.it/5Myztx,4.5,,,2024-02-07
2024-02-08,Three Colours: Red,1994,https://boxd.it/5MyzEv,4,,,2024-02-07
2024-02-09,Three Colours: White,1994,https://boxd.it/5MTGSB,4,,,2024-02-08
2024-02-09,Anatomy of a Fall,2023,https://boxd.it/5N1H4X,4.5,,,2024-02-08
2024-02-12,Damage,1992,https://boxd.it/5OvTNT,2.5,,,2024-02-11
2024-02-14,Perfect Days,2023,https://boxd.it/5PmwfZ,4,,,2024-02-13
2024-02-26,Adaptation.,2002,https://boxd.it/5UMdB5,4,,,2024-02-25
2024-03-07,Prisoners,2013,https://boxd.it/5ZCBpn,4.5,Yes,,2024-03-07
2024-03-07,A Round of Applause,2024,https://boxd.it/5ZCCpX,4,,,2024-03-07
2024-03-12,Monster,2023,https://boxd.it/623P3n,4,,,2024-03-12
2024-04-07,Certified Copy,2010,https://boxd.it/6dZfWV,4,,,2024-04-06
2024-04-07,The Usual Suspects,1995,https://boxd.it/6e3U9j,4.5,,,2024-04-07
2024-04-17,The Broken Circle Breakdown,2012,https://boxd.it/6i67Yp,4,,,2024-04-16
2024-04-23,The Zone of Interest,2023,https://boxd.it/6krHw7,3,,,2024-04-22
2024-04-26,Baby Reindeer,2024,https://boxd.it/6ltmUF,3.5,,,2024-04-25
2024-04-26,Manhattan,1979,https://boxd.it/6ltpAj,3.5,,,2024-04-25
2024-04-29,A Man and a Woman,1966,https://boxd.it/6mCPr5,4,,,2024-04-28
2024-05-09,Sing Street,2016,https://boxd.it/6r82Bb,4,,,2024-05-08
2024-05-11,A Summer's Tale,1996,https://boxd.it/6s6EJd,3.5,,,2024-05-11
2024-06-01,Everything's Gonna Be Great,1998,https://boxd.it/6Aq1kb,4,,,2024-06-01
2024-06-17,Sharp Objects,2018,https://boxd.it/6GH73j,3.5,,,2024-06-16
2024-07-06,All of Us Strangers,2023,https://boxd.it/6OnMpx,3.5,,,2024-07-05
2024-07-07,Victoria,2015,https://boxd.it/6OJ1Bl,3,,,2024-07-06
2024-07-16,Pauline at the Beach,1983,https://boxd.it/6T2oHb,4,,,2024-07-16
2024-07-27,The Killing of a Sacred Deer,2017,https://boxd.it/6XUQd3,3,,,2024-07-26
2024-08-05,Demolition,2015,https://boxd.it/71Wi5z,4,,,2024-08-04
2024-08-05,Batman Begins,2005,https://boxd.it/71WiYf,5,,,2024-08-04
2024-08-12,Inside Out 2,2024,https://boxd.it/751kFh,4.5,,,2024-08-10
2024-08-12,The Godfather,1972,https://boxd.it/751gZR,4,,,2024-08-12
2024-09-02,Children of Men,2006,https://boxd.it/7eWcwL,3,,,2024-09-02
2024-09-02,Killers of the Flower Moon,2023,https://boxd.it/7eWdLx,3.5,,,2024-09-02
2024-09-30,Seagrass,2023,https://boxd.it/7qXff9,4,,,2024-09-29
2024-11-17,A Nos Amours,1983,https://boxd.it/7P1qtZ,2,,,2024-11-16
2024-11-18,Kramer vs. Kramer,1979,https://boxd.it/7PGWAZ,4.5,,,2024-11-17
2024-12-14,A Real Pain,2024,https://boxd.it/82EKYt,4.5,,,2024-12-13
2024-12-20,Full Metal Jacket,1987,https://boxd.it/86hNgT,4,,,2024-12-20
2024-12-23,Kung Fu Panda 4,2024,https://boxd.it/87VY9D,3.5,,,2024-12-22
2024-12-25,Don't Let Them Shoot the Kite,1989,https://boxd.it/89qU7J,3.5,,,2024-12-24
2025-01-12,The Hours,2002,https://boxd.it/8qSqQX,4,,,2025-01-11
2025-01-14,Training Day,2001,https://boxd.it/8sDKCf,3.5,,,2025-01-13
2025-02-10,Lost in Translation,2003,https://boxd.it/8MYunP,3.5,,,2025-02-09
2025-02-10,Godard Mon Amour,2017,https://boxd.it/8MZcSd,4,,,2025-02-09
2025-02-21,A Complete Unknown,2024,https://boxd.it/8TRIs9,3,,,2025-02-20
2025-02-21,Like a Son,2023,https://boxd.it/8TRUr3,3.5,,,2025-02-20
2025-02-26,The Brutalist,2024,https://boxd.it/8Xu3mT,4,,,2025-02-25
2025-03-03,Wander to Wonder,2023,https://boxd.it/90bxAb,3.5,,,2025-03-02
2025-03-03,In the Shadow of the Cypress,2023,https://boxd.it/90byyv,4.5,,,2025-03-02
2025-03-03,Beautiful Men,2023,https://boxd.it/90bzPH,4,,,2025-03-02
2025-03-03,Yuck!,2024,https://boxd.it/90dxkV,4.5,,,2025-03-02
2025-03-03,Magic Candies,2024,https://boxd.it/90dybF,4,,,2025-03-02
2025-03-07,I'm Not a Robot,2023,https://boxd.it/931IJb,4.5,,,2025-03-06
2025-03-07,The Last Ranger,2024,https://boxd.it/931Kpx,3.5,,,2025-03-06
2025-03-07,Anuja,2024,https://boxd.it/931ZNf,3.5,,,2025-03-06
2025-03-07,The Man Who Could Not Remain Silent,2024,https://boxd.it/9322VB,4,,,2025-03-07
2025-03-07,A Lien,2023,https://boxd.it/932n8Z,5,,,2025-03-07
2025-03-08,Trainspotting,1996,https://boxd.it/93HGn7,4,,,2025-03-08
2025-04-07,Adolescence,2025,https://boxd.it/9lihQ1,4,,,2025-04-06
2025-04-07,The Friend,2024,https://boxd.it/9liklP,3,,,2025-04-06
2025-04-21,I'm Still Here,2024,https://boxd.it/9tvpTv,4.5,,,2025-04-20
2025-04-22,Moonlight,2016,https://boxd.it/9tUHEN,4,,,2025-04-21
2025-04-22,The Ballad of Wallis Island,2025,https://boxd.it/9tUOQB,4,,,2025-04-21
2025-04-22,My Life as a Zucchini,2016,https://boxd.it/9uguU3,5,,,2025-04-22
2025-04-25,Manchester by the Sea,2016,https://boxd.it/9vT8DB,4,,,2025-04-25
2025-04-26,My Neighbor Totoro,1988,https://boxd.it/9wrpcF,3.5,,,2025-04-26
2025-05-26,La Haine,1995,https://boxd.it/9O8NCV,4.5,,,2025-05-25
2025-05-26,La Haine,1995,https://boxd.it/9O8RtN,4.5,Yes,,2025-05-25
2025-05-29,In the Mood for Love,2000,https://boxd.it/9Q4EWn,5,,,2025-05-29
2025-06-01,Ghost Trail,2024,https://boxd.it/9RUlR7,4,,,2025-06-01
2025-06-03,The Battle of Algiers,1966,https://boxd.it/9TgrrH,3.5,,,2025-06-02
2025-06-23,The Phoenician Scheme,2025,https://boxd.it/a5BlpP,3,,,2025-06-22
2025-06-30,Irreversible,2002,https://boxd.it/a9TpfL,,,,2025-06-29
2025-07-01,Frances Ha,2012,https://boxd.it/aaY7OR,3.5,,,2025-06-30
2025-07-02,Raising Arizona,1987,https://boxd.it/abDFtZ,4,,,2025-07-02
2025-07-04,The Darjeeling Limited,2007,https://boxd.it/acRkeV,3.5,,,2025-07-03
2025-07-05,Following,1998,https://boxd.it/adoujR,4,,,2025-07-04
2025-07-09,Kes,1969,https://boxd.it/agiClB,4,,,2025-07-08
2025-07-10,Senna,2010,https://boxd.it/aheHL1,3.5,,,2025-07-10
2025-07-12,"I, Daniel Blake",2016,https://boxd.it/aixHcd,3.5,,,2025-07-11
2025-07-21,Argo,2012,https://boxd.it/apxLSl,3,,,2025-07-20
2025-07-22,The Time That Remains,2009,https://boxd.it/aqugvX,4,,,2025-07-22
2025-07-24,Materialists,2025,https://boxd.it/as1FgN,3.5,,,2025-07-24
2025-07-26,Memories of Murder,2003,https://boxd.it/atCTAP,4,,,2025-07-25
2025-08-02,The Things of Life,1970,https://boxd.it/azN033,4.5,,,2025-08-02
2025-08-03,The Sacrifice,1986,https://boxd.it/aAcZlH,1,,,2025-08-03
2025-08-05,Hiroshima Mon Amour,1959,https://boxd.it/aCkdhL,3.5,,,2025-08-05
2025-08-07,12 Years a Slave,2013,https://boxd.it/aDulcX,4,,,2025-08-07
2025-08-07,The Night Of,2016,https://boxd.it/aDutRT,4,,,2025-08-07
2025-08-08,The Lives of Others,2006,https://boxd.it/aE6GLb,3.5,,,2025-08-08
2025-08-09,Groundhog Day,1993,https://boxd.it/aEQEVF,3.5,,,2025-08-09
2025-08-10,Cure,1997,https://boxd.it/aFpHqb,0.5,,,2025-08-09
2025-08-10,The Wonderful Story of Henry Sugar,2023,https://boxd.it/aG4Ror,4,,,2025-08-10
2025-08-12,Ulysses' Gaze,1995,https://boxd.it/aHHGK9,4.5,,,2025-08-12
2025-08-13,Landscape in the Mist,1988,https://boxd.it/aIsAgh,4,,,2025-08-13
2025-08-15,Breathless,1960,https://boxd.it/aJhFVh,3,,,2025-08-14
2025-08-28,Decalogue I,1989,https://boxd.it/aSQI39,4.5,,,2025-08-28
2025-08-28,The Fall,2006,https://boxd.it/aSQJN3,4.5,,,2025-08-28
2025-09-23,Once Upon a Time in Anatolia,2011,https://boxd.it/b9eDuL,4,,,2025-09-22
2025-09-24,Ray,2004,https://boxd.it/ba5Lf1,4,,,2025-09-23
2025-10-31,Decalogue II,1989,https://boxd.it/by5Wb1,4,,,2025-10-14
2025-10-31,Frankenstein,2025,https://boxd.it/by5PS3,3,,,2025-10-30
2025-11-04,The 400 Blows,1959,https://boxd.it/bAWPjL,4.5,,,2025-11-03
2025-11-06,Nouvelle Vague,2025,https://boxd.it/bCiZqP,3.5,,,2025-11-05
2025-11-08,Pierrot le Fou,1965,https://boxd.it/bDvK79,2.5,,,2025-11-07
2025-11-19,Decalogue III,1989,https://boxd.it/bLvX0d,3.5,,,2025-11-19
2025-11-19,It Was Just an Accident,2025,https://boxd.it/bLvXfx,3.5,,,2025-11-19
2025-11-19,The White Ribbon,2009,https://boxd.it/bLvXop,4,,,2025-11-19
2025-11-20,Rebuilding,2025,https://boxd.it/bM4SQX,2,,,2025-11-19
2025-11-24,There Will Be Blood,2007,https://boxd.it/bOCokX,4,,,2025-11-23
2025-11-26,Jay Kelly,2025,https://boxd.it/bQpBQT,3,,,2025-11-25
2025-12-02,"Paris, 13th District",2021,https://boxd.it/bUi45n,3,,,2025-12-01
2025-12-02,The Wind That Shakes the Barley,2006,https://boxd.it/bUsANh,4,,,2025-12-01
2025-12-04,"The Tree, the Mayor and the Mediatheque",1993,https://boxd.it/bVy6dz,3,,,2025-12-03
2025-12-06,Leviathan,2014,https://boxd.it/bWJSjL,3.5,,,2025-12-05
2025-12-09,A Short Film About Killing,1988,https://boxd.it/bZ5xtd,5,,,2025-12-08
2025-12-10,The Return,2003,https://boxd.it/bZNEWz,4,,,2025-12-09
2025-12-11,That Obscure Object of Desire,1977,https://boxd.it/c0vzWn,2.5,,,2025-12-11
2025-12-13,La Grazia,2025,https://boxd.it/c1lGEf,3,,,2025-12-12
2025-12-14,The Banishment,2007,https://boxd.it/c2Aji5,3.5,,,2025-12-13
2025-12-14,Mystery,2011,https://boxd.it/c2Anoh,2,,,2025-12-13
2025-12-15,Blind Chance,1987,https://boxd.it/c3zrgX,4,,,2025-12-14
2025-12-15,Blind Chance,1987,https://boxd.it/c3zrBV,4,Yes,,2025-12-14
2025-12-16,Sentimental Value,2025,https://boxd.it/c4m6mj,4,,,2025-12-15
2025-12-19,Atropia,2025,https://boxd.it/c75i1P,3.5,,,2025-12-18
2025-12-22,Decalogue IV,1989,https://boxd.it/captXd,2.5,,,2025-12-21
2025-12-25,Elena,2011,https://boxd.it/cdHghL,3.5,,,2025-12-24
2025-12-26,Ernest & Celestine,2012,https://boxd.it/ceSrFb,3,,,2025-12-25
2025-12-27,The Town,2025,https://boxd.it/cfofwZ,2.5,,,2025-12-26
2025-12-28,The Weeping Meadow,2004,https://boxd.it/ch8aHJ,4,,,2025-12-27
2026-01-11,Persona,1966,https://boxd.it/cz3AVp,3,,,2026-01-10
2026-01-11,"Synecdoche, New York",2008,https://boxd.it/czxRsf,4.5,,,2026-01-10
2026-02-17,Hamnet,2025,https://boxd.it/dagTVH,4,,,2026-01-16
2026-01-18,Die My Love,2025,https://boxd.it/cH7mDL,3,,,2026-01-17
2026-01-18,A Ghost Story,2017,https://boxd.it/cH7nFt,4,,,2026-01-17
2026-01-24,Marty Supreme,2025,https://boxd.it/cNgpuJ,4.5,,,2026-01-23
2026-02-17,The Secret Agent,2025,https://boxd.it/dagT5r,3.5,,,2026-01-27
2026-02-17,Father Mother Sister Brother,2025,https://boxd.it/dagZb1,3,,,2026-01-31
2026-02-14,Wuthering Heights,2026,https://boxd.it/d7qvpF,0.5,,,2026-02-13
2026-02-17,Andrei Rublev,1966,https://boxd.it/dagXoR,3,,,2026-02-16
2026-02-18,Sinners,2025,https://boxd.it/dbPGVD,4,,,2026-02-17
2026-02-22,Museum of Innocence,2026,https://boxd.it/dfcQnf,4,,,2026-02-21
2026-03-11,Punch-Drunk Love,2002,https://boxd.it/dtxYmd,4,,,2026-03-10
2026-03-11,Eyes Wide Shut,1999,https://boxd.it/dty18D,4,,,2026-03-10
2026-03-14,One Battle After Another,2025,https://boxd.it/dvOVqD,4.5,,,2026-03-13
2026-03-16,Little Miss Sunshine,2006,https://boxd.it/dxdQK3,4.5,,,2026-03-15
2026-03-23,The Diving Bell and the Butterfly,2007,https://boxd.it/dDoxBR,4.5,,,2026-03-22
